time,auc_mean,auc_sem
-1.5,0.49414863500972933,0.006365238511205148
-1.498,0.49410220684842643,0.0063924145223291555
-1.496,0.49410547740264504,0.006433170533204141
-1.494,0.4942520508404413,0.006467994733991697
-1.492,0.49469147196847685,0.006526065117890567
-1.49,0.4951690486814396,0.006549463976300958
-1.488,0.49523091473803815,0.006591123688667792
-1.486,0.494335864152029,0.006596807868414961
-1.484,0.4930455258824974,0.006552159082953731
-1.482,0.4919880459442424,0.0063210004240613306
-1.48,0.49105665401708476,0.005971410188379615
-1.478,0.4900933579562627,0.005685146190475894
-1.476,0.4890634289906847,0.005543672193741479
-1.474,0.4878816527629495,0.005471587437057867
-1.472,0.48693948443301294,0.005396493731205497
-1.47,0.48618410476817253,0.005269773126850856
-1.468,0.4858252608308613,0.0052337472553407455
-1.466,0.4856273983322291,0.005313887982323165
-1.464,0.48598439024363393,0.005405682136398263
-1.462,0.4867705056102391,0.005543640193784913
-1.46,0.4876465255727733,0.0056245055156324926
-1.458,0.4882854879272541,0.005653086411803813
-1.456,0.48884508059870396,0.005658236700071326
-1.454,0.489480607288282,0.0056688215315248555
-1.452,0.48984754243611406,0.0055985351757477375
-1.45,0.4899862651409167,0.0054674732922898196
-1.448,0.4901548504928243,0.005364207324780494
-1.446,0.49055998882270296,0.005335340266550346
-1.444,0.49082597652074034,0.005350228387432707
-1.442,0.49086718999913254,0.005411859716820297
-1.44,0.49058159228492476,0.005542284861496534
-1.438,0.4903952514871414,0.005696339983204542
-1.436,0.4908922715279114,0.005834201652780366
-1.434,0.4915361567907566,0.005948251416575746
-1.432,0.4920621588036395,0.0059941277025756575
-1.43,0.49230165377198504,0.006043846103418288
-1.428,0.49244423934301856,0.0061510663875825105
-1.426,0.4927588439080094,0.006261323868976802
-1.424,0.49343481069964007,0.006300985814164317
-1.422,0.4940270603575586,0.006233314682964864
-1.42,0.49432345805632444,0.006156263271208631
-1.418,0.4940125443460768,0.006075631583895882
-1.416,0.4932746562049519,0.005996317214905051
-1.414,0.492232556181373,0.005870140450790095
-1.412,0.49120547796524333,0.005723645417129009
-1.41,0.4905464767782133,0.005635330127164026
-1.408,0.4901329604276141,0.005612643043045858
-1.406,0.48933992620027084,0.00556618435144351
-1.404,0.48813416109060287,0.005464013527179829
-1.402,0.48716203688570375,0.005425140088788152
-1.4,0.48671653205046433,0.005446264013086398
-1.398,0.48665409084801775,0.0054429815634015385
-1.396,0.4867050656695399,0.005339827507300317
-1.394,0.4868657077495942,0.005217395429771794
-1.392,0.4870803799548329,0.005204687046557455
-1.39,0.4876622943551384,0.005350314472861417
-1.388,0.4885546533384267,0.005540153708894149
-1.386,0.48934409611225654,0.005710151428716773
-1.384,0.4900538784980658,0.005823282692175667
-1.382,0.49043116771813516,0.005864487724497913
-1.38,0.4907630815439557,0.005783915765401622
-1.378,0.4913848976108975,0.005584193224498144
-1.376,0.4918815379589131,0.005304918658118634
-1.374,0.4921691184225814,0.005096917404957844
-1.372,0.4923808669304939,0.0049999315791640336
-1.37,0.49240210197163625,0.004964711565356767
-1.368,0.4925255839250041,0.0049362570228154
-1.366,0.49294793115547053,0.0049207876765293415
-1.364,0.49330634931963535,0.004848270262512157
-1.362,0.4936965162877203,0.00467731296182876
-1.36,0.49387491249661103,0.004512665913067759
-1.358,0.49367191785094505,0.004330240135490512
-1.356,0.49348511147655444,0.004177190930009042
-1.354,0.49371732849332317,0.004148623817384129
-1.352,0.49427027554732494,0.004174159399407974
-1.35,0.4948756514750383,0.004286936267154918
-1.348,0.4950860152351468,0.0045138318255952955
-1.346,0.4951650095806134,0.004798152493143391
-1.344,0.4952762368703438,0.005087071939290389
-1.342,0.49538090277036984,0.0052697410532928455
-1.34,0.49498626228956966,0.005411037471229154
-1.338,0.49413044455916805,0.005546731649336252
-1.336,0.4930726166576334,0.00566298135835498
-1.334,0.49225701667388344,0.0057678940239675
-1.332,0.4920016452649769,0.0058115496178052254
-1.33,0.4918763688211747,0.00577959521324904
-1.328,0.4915124862587701,0.005671014816139068
-1.326,0.49093231663680853,0.0055576284589869095
-1.324,0.49023462442320925,0.005479987440062995
-1.322,0.4898456966559873,0.005432036249253045
-1.32,0.4900338770537187,0.005395125112319193
-1.318,0.49048868691853537,0.00531936374681654
-1.316,0.4908851482967895,0.005229096158408133
-1.314,0.4913774943046658,0.005152637326305573
-1.312,0.49208930704600773,0.0050616691892213135
-1.31,0.4931295962436499,0.004979839253110583
-1.308,0.4947753178048399,0.004917894017403161
-1.306,0.49638861469023227,0.004866698904019706
-1.304,0.4974395889613713,0.004855661828834907
-1.302,0.4976666652001658,0.004903585411012179
-1.3,0.49757894146928316,0.005024749377014382
-1.298,0.49762003015584855,0.005146039325270688
-1.296,0.49757389537876257,0.005299814586185176
-1.294,0.49751115869741924,0.005505775658047591
-1.292,0.49751998908554,0.0056819940315479284
-1.29,0.497890431500952,0.00573179344917638
-1.288,0.49819353145794226,0.00571528052160511
-1.286,0.49836068499216646,0.0057177610661867774
-1.284,0.4984297304589134,0.005800277245887027
-1.282,0.49833347587091104,0.0059473439553936
-1.28,0.498586332881359,0.006003319561550783
-1.278,0.4992550944394028,0.005933947806601504
-1.276,0.5001322656735643,0.005904989014189009
-1.274,0.5010267873124415,0.005937665266775403
-1.272,0.5015315847598137,0.005975820002239983
-1.27,0.5015743414954508,0.0059845560520366565
-1.268,0.501195624739301,0.005999748162698975
-1.266,0.5008016071451271,0.006013004961372089
-1.264,0.5005416713161832,0.006014862582024228
-1.262,0.500205115153148,0.006040765462407831
-1.26,0.4997517831311701,0.006090989831651281
-1.258,0.49927581223812106,0.006094305084207021
-1.256,0.4989301930001101,0.006112559642341885
-1.254,0.4985005279103889,0.0061480967759620685
-1.252,0.4981441908524647,0.00613147027791461
-1.25,0.497719393021432,0.006110472278453661
-1.248,0.49714640853195213,0.006102166465615557
-1.246,0.4966012154853706,0.0061234483333155185
-1.244,0.49642558325667663,0.006045216309736091
-1.242,0.4966422015817183,0.005862105914060308
-1.24,0.4969966571482472,0.005640185935256169
-1.238,0.49759601203994847,0.005432998360717948
-1.236,0.4983034445100089,0.0053135089988934564
-1.234,0.4989997255740067,0.005315952899624911
-1.232,0.49954788268946454,0.005362101680426642
-1.23,0.4996315103405103,0.005428259258241802
-1.228,0.49937865295759065,0.005527958474624539
-1.226,0.49923694643472255,0.005554807902386282
-1.224,0.49936532267457023,0.005607215600370654
-1.222,0.49911967819582204,0.005682429707544987
-1.22,0.49896986963907997,0.005800321880830392
-1.218,0.49931918566465766,0.005909654045347878
-1.216,0.49977175836610466,0.005971536436267172
-1.214,0.5001214704107426,0.006012670085822897
-1.212,0.5001117181691176,0.006058309676396961
-1.21,0.49963576823440037,0.006109919570315168
-1.208,0.49885373153077645,0.006242896420950412
-1.206,0.4980469193157646,0.006450214733094343
-1.204,0.49753703387712767,0.006680493645328117
-1.202,0.4973226513342467,0.0069263918702022085
-1.2,0.4972561450009105,0.007093668749365274
-1.198,0.49728365403775465,0.007196745501200965
-1.196,0.4973629963346621,0.007271617583584339
-1.194,0.49728002074611427,0.007376775516066826
-1.192,0.4970269800354685,0.007429455438989409
-1.19,0.4968263485743893,0.007410044958775143
-1.188,0.49664161027132664,0.007426718491746869
-1.186,0.49632112573940546,0.007442195749400951
-1.184,0.4957921331788924,0.007361153673904779
-1.182,0.49542059024599133,0.007204943628500528
-1.18,0.49546403059601696,0.007018550232903481
-1.178,0.49593829768131026,0.006833012610710615
-1.176,0.49632187026585356,0.006727361531142397
-1.174,0.49657696526730555,0.006623880334270564
-1.172,0.4972211052117288,0.006487933345056332
-1.17,0.4977374539444497,0.006371784648993817
-1.168,0.4978025800521582,0.006310118601828865
-1.166,0.497790910013273,0.006324845515903106
-1.164,0.49763298854527827,0.006366967850156067
-1.162,0.49734785709613205,0.006414193859168668
-1.16,0.4971013533126859,0.006483398994432526
-1.158,0.4969800982922575,0.006546811249772536
-1.156,0.4970166921471776,0.006564218905849616
-1.154,0.4972445814942577,0.006546627773033791
-1.152,0.4975020696106279,0.006472845404293774
-1.15,0.49747540170593296,0.006367073323055672
-1.148,0.4974924198558411,0.00622938883747101
-1.146,0.49793635695297367,0.0060895803941568745
-1.144,0.49870996247101035,0.005976562318329588
-1.142,0.49907576875841286,0.005900114437814824
-1.14,0.4991372482951311,0.005847299405067351
-1.138,0.49933384345507265,0.005749636893334168
-1.136,0.49977095353630946,0.005618490904901881
-1.134,0.5001382224148447,0.00555333012272517
-1.132,0.5006011271265209,0.005523093072260212
-1.13,0.5010976081123214,0.005488820214672739
-1.128,0.5012075730362039,0.005522927429921577
-1.126,0.5010389343375118,0.005619893336407893
-1.124,0.5006998482333594,0.005715487734695246
-1.122,0.5002588718358265,0.005769970637485056
-1.12,0.5001287249356462,0.0057636024420176105
-1.118,0.5002961508184153,0.0056903694881373975
-1.116,0.5001061026846876,0.005537304810666609
-1.114,0.4997991610219183,0.005408207227958838
-1.112,0.500011590052396,0.00531840103883411
-1.11,0.5005599272864124,0.005253677530870892
-1.108,0.5010372901192232,0.005205688469746734
-1.106,0.501301643735522,0.005175592620865974
-1.104,0.5013128949356979,0.005225700076696734
-1.102,0.5012850263045042,0.005337385854925308
-1.1,0.5016385356447407,0.0053619632042346
-1.098,0.5021991748858255,0.005271385108766285
-1.096,0.5025390834334891,0.005207674288894485
-1.094,0.5024315867683975,0.005214727525717046
-1.092,0.5024256985228913,0.005139690247197214
-1.09,0.5022104082578547,0.005048136588134905
-1.088,0.5013745962292216,0.005001237361320293
-1.086,0.5002462323979152,0.004986912079835978
-1.084,0.4994715003033442,0.004961331905401842
-1.082,0.49879469605368226,0.004940323433409689
-1.08,0.4978330116972758,0.004966525724606861
-1.078,0.4967100221508365,0.0050524172517243116
-1.076,0.49594569426216234,0.005127016619115632
-1.074,0.49572825165232826,0.005146620261639383
-1.072,0.4957399267091081,0.0051528145834494245
-1.07,0.4955366880905086,0.005168386843033657
-1.068,0.495066148977531,0.005288409103744436
-1.066,0.49471019801539606,0.005599107329179034
-1.064,0.4946556386637039,0.005905114072017837
-1.062,0.4947007205134942,0.006158231338215091
-1.06,0.4947413080984896,0.006330523808624216
-1.058,0.4946507056404342,0.0064195338054999825
-1.056,0.49448839221452057,0.006502215923517398
-1.054,0.4943216095575944,0.0066895587409890045
-1.052,0.4941171726900897,0.006937054923524741
-1.05,0.49403264042882666,0.007157235198927979
-1.048,0.4941540203445539,0.007291372715700853
-1.046,0.49441309412947015,0.007376071646754719
-1.044,0.4947683641516169,0.007525817871092065
-1.042,0.4950369782484848,0.007702553981105207
-1.04,0.4953968543082929,0.007862189070233628
-1.038,0.49613438339254345,0.008003976315625626
-1.036,0.49694619820237756,0.008153834610180507
-1.034,0.49747112988976044,0.008272413706602276
-1.032,0.49771294702122626,0.008327135048170134
-1.03,0.49825569712608375,0.008321986321904338
-1.028,0.4989985366163267,0.00821460479931194
-1.026,0.4993995558294346,0.007996033604441007
-1.024,0.499254302780787,0.007753045419105922
-1.022,0.49918897934867273,0.007534827200582721
-1.02,0.4995050926332108,0.007304354997183874
-1.018,0.49992127560075916,0.007025161972643136
-1.016,0.5004603074003957,0.006791898632335871
-1.014,0.500709604587986,0.00663000267407218
-1.012,0.5005029886742817,0.00653419138299788
-1.01,0.500022629007311,0.006489278438294131
-1.008,0.49962079126596765,0.0064586669973217894
-1.006,0.4992086599731694,0.00640964174366984
-1.004,0.49882846565469935,0.006263611323793575
-1.002,0.49879560549717333,0.006085804043710691
-1.0,0.4985435768297034,0.006004724295702836
-0.998,0.49774536266960256,0.005986252366328449
-0.996,0.4965883313633612,0.005912885283225315
-0.994,0.49534512128730107,0.005768456568743572
-0.992,0.4943135273814549,0.005630590087921166
-0.99,0.493768354401401,0.005466095464837706
-0.988,0.49351295929606726,0.005309409134980661
-0.986,0.49355483496825514,0.0051621071119762035
-0.984,0.49365997077334717,0.004960676405778671
-0.982,0.4936522247437769,0.004780775642029431
-0.98,0.493515748371685,0.004650326564490245
-0.978,0.49317668148264326,0.004564688137388388
-0.976,0.49278918030653235,0.004509752572453075
-0.974,0.49243314579305403,0.004534866140159724
-0.972,0.49209175184152953,0.004612591416685822
-0.97,0.4915893655864768,0.004707810851366833
-0.968,0.4911566263862578,0.004773290218894862
-0.966,0.49075229206114585,0.004788892298691974
-0.964,0.49073511391024943,0.004812051418624806
-0.962,0.49125486723701284,0.004832617723703186
-0.96,0.49193725725271453,0.00481169411531566
-0.958,0.49246178746882696,0.0047818999905339405
-0.956,0.4931174499828692,0.00473853696794224
-0.954,0.4938088804965017,0.004756247185947736
-0.952,0.4943791341922221,0.004841143847497824
-0.95,0.49495252702394255,0.004914311939600284
-0.948,0.4953945452748046,0.004993945553656991
-0.946,0.4955514636931606,0.005068015502558467
-0.944,0.49540169363383535,0.00512613020948312
-0.942,0.4953417926384915,0.0050936998580097025
-0.94,0.4951360285376383,0.004921747642642816
-0.938,0.494675856399768,0.0047562241650086975
-0.936,0.49449180547372534,0.004689720620138921
-0.934,0.4945363311234634,0.004691522157084525
-0.932,0.4945729981005581,0.004721428657264791
-0.93,0.4949924781223898,0.0047714858484323225
-0.928,0.4957672941987341,0.004857674602383175
-0.926,0.4967772778112437,0.004984966188119511
-0.924,0.49777678767319017,0.005058926635909631
-0.922,0.4985525344235308,0.005114960279733012
-0.92,0.49947361872583174,0.005118286092141423
-0.918,0.5003223822331557,0.005030502087052155
-0.916,0.5010056310112884,0.004791021074592483
-0.914,0.5013811426335636,0.004487074957119102
-0.912,0.5012213827258095,0.004251009872414828
-0.91,0.5011398871005592,0.004154733338182324
-0.908,0.5013157658144096,0.004133907774659375
-0.906,0.5015448605496765,0.004120110719646538
-0.904,0.501919399615846,0.004168022365968886
-0.902,0.5021666131431062,0.00423093856828812
-0.9,0.5020698015091378,0.004334975336594363
-0.898,0.5019886005065295,0.004466425712376681
-0.896,0.5022409783470254,0.004584748811426552
-0.894,0.5027600311334851,0.004647133574947227
-0.892,0.5030000755829551,0.004736309314322758
-0.89,0.5032463163944964,0.004834149735801046
-0.888,0.5037452453825721,0.0049374457479457404
-0.886,0.5038134050787115,0.004956111794526333
-0.884,0.5032104235789873,0.004946295003907152
-0.882,0.5020469481112008,0.0049573962686559215
-0.88,0.5003082910419734,0.005010632835247791
-0.878,0.49891101848634994,0.005009596121525735
-0.876,0.4981883767475651,0.004935097951747267
-0.874,0.4978501701154062,0.004835351176231182
-0.872,0.49721632997876314,0.004742096495470219
-0.87,0.49628100316334367,0.004741441008964089
-0.868,0.4956656481441248,0.004780763938602186
-0.866,0.4954372144566397,0.004875678227687687
-0.864,0.4954062871467339,0.004953693086760175
-0.862,0.49566696660533516,0.004982502476588835
-0.86,0.49612981676375006,0.004988387766240777
-0.858,0.49668513284458643,0.00502207010810192
-0.856,0.49723695036762167,0.005128176110498627
-0.854,0.49727836524213276,0.005346578055244816
-0.852,0.49695583115756925,0.005648565632500795
-0.85,0.49678829295086446,0.005891268223577999
-0.848,0.49720006465768224,0.006079499000043586
-0.846,0.49765871034098924,0.006226460594585656
-0.844,0.4980693072735783,0.006349888711646363
-0.842,0.4987221247991036,0.006433277899170068
-0.84,0.4992464654930617,0.006507715880731221
-0.838,0.49935716844867784,0.006665063007137205
-0.836,0.4994003028847561,0.006770892882014499
-0.834,0.4998748022934042,0.0067254551779812625
-0.832,0.5008422857909184,0.006601274447373223
-0.83,0.5020611091399281,0.006433222015160861
-0.828,0.5029928785586787,0.006249717799280602
-0.826,0.5034682364682856,0.006090235144577985
-0.824,0.5038333890390991,0.006022263923036898
-0.822,0.5044462385071725,0.0060355878409152335
-0.82,0.504938832130967,0.006069021479770078
-0.818,0.5053856579067317,0.006082733840898526
-0.816,0.5058479401125825,0.006077497565319679
-0.814,0.5062481795584874,0.006020084455536893
-0.812,0.5064372302524145,0.005958964578970655
-0.81,0.5064185616328057,0.005860673560305561
-0.808,0.5062319389761822,0.0057404803098014935
-0.806,0.5061385482484758,0.005592008614037586
-0.804,0.5063177138132243,0.005418200496906726
-0.802,0.5064853658539016,0.0052558059698177735
-0.8,0.5065537513720587,0.005193513962207001
-0.798,0.506194302883095,0.005183218560151716
-0.796,0.5059835087118549,0.005193985291707769
-0.794,0.5062557319878342,0.005217426984005895
-0.792,0.5066497321885175,0.0052454045941371895
-0.79,0.5070144975490498,0.00530058079925991
-0.788,0.5074053646792094,0.005428463745275175
-0.786,0.5080107588853136,0.005598164228805173
-0.784,0.5084686615973532,0.005765402642559158
-0.782,0.5088131251434213,0.006000307873754038
-0.78,0.5089501177491614,0.006259202144386976
-0.778,0.5088299688965805,0.0064706138063403956
-0.776,0.5085871310817202,0.006553089201154673
-0.774,0.508112089658748,0.006496088467775466
-0.772,0.5075176983011648,0.006326314684565057
-0.77,0.5068382192993929,0.006144370581576152
-0.768,0.50591380752323,0.006002104711767821
-0.766,0.5051518204826484,0.005918234215472313
-0.764,0.5048626534622237,0.005938843620468497
-0.762,0.504883856287545,0.005965933120330568
-0.76,0.5052102962482785,0.005984984436033165
-0.758,0.5057057114519412,0.005985026041314153
-0.756,0.5060095038998049,0.005962859996461691
-0.754,0.5063880826926701,0.005955911605868173
-0.752,0.5069018046372602,0.005959779048667739
-0.75,0.5071916304571213,0.005969631702253295
-0.748,0.5074684619099391,0.006049979622279302
-0.746,0.5075868109670254,0.006175730592844335
-0.744,0.5071518034796968,0.006296428367991514
-0.742,0.5067472708698579,0.006383086187863556
-0.74,0.5068151544477584,0.00635162436445331
-0.738,0.5069819956390917,0.0061723448607792575
-0.736,0.5068308798411055,0.005928075092982697
-0.734,0.5064907651032492,0.005671143605279053
-0.732,0.5062630368913643,0.005403921818311296
-0.73,0.5060094218326471,0.005128038488321427
-0.728,0.505673534449969,0.0048369253198494305
-0.726,0.5050538370213745,0.004602593656444406
-0.724,0.504770171743079,0.004473178373849632
-0.722,0.5051062497909538,0.004467539225161063
-0.72,0.5059954354842374,0.004549357884535145
-0.718,0.5071447549049627,0.004679338427025772
-0.716,0.5079353529892918,0.004826210572979269
-0.714,0.5081554911013832,0.0048688663975629005
-0.712,0.5081291925294349,0.0048638556812109135
-0.71,0.5078193944594157,0.004850425772971823
-0.708,0.5074976915869861,0.004860995337453404
-0.706,0.5072840629711552,0.004926907864168403
-0.704,0.506879290100713,0.00493317543904131
-0.702,0.506487425548447,0.004890298847505976
-0.7,0.5065969017266667,0.004885807353159153
-0.698,0.5069402562628847,0.004964420559479252
-0.696,0.5073542628726163,0.005094957208163431
-0.694,0.5078213293674825,0.005183264423957713
-0.692,0.5079919383140847,0.005276284148674223
-0.69,0.5077831774134665,0.005373838549069907
-0.688,0.5076022001151932,0.005448615124758763
-0.686,0.5076030010930019,0.005465028077422342
-0.684,0.5079772537094953,0.005420076006170417
-0.682,0.508327562187565,0.005407410587442153
-0.68,0.5084176692070983,0.005407727014506351
-0.678,0.5082577807180917,0.00533806771351943
-0.676,0.5082566479708523,0.005250766550849586
-0.674,0.5081802232608061,0.0051337918502616245
-0.672,0.5079513739316561,0.00495363917583578
-0.67,0.5074762267936235,0.004706713195865292
-0.668,0.5067777771674663,0.004509633134399549
-0.666,0.5061852964363617,0.004337525477994175
-0.664,0.5059806287830972,0.004235940688185424
-0.662,0.5058112394799555,0.004157262728804595
-0.66,0.5054350918128718,0.00405781453330903
-0.658,0.504956794030255,0.003957730737600457
-0.656,0.5046807580449693,0.0039005269186626773
-0.654,0.5050438146903551,0.003921397713081065
-0.652,0.505643566452276,0.00402198396478824
-0.65,0.5060182478119407,0.004189795177096221
-0.648,0.5058549197782672,0.004395431639345693
-0.646,0.5050337118518238,0.004706593100568422
-0.644,0.5040192031372535,0.005092616060716792
-0.642,0.503148592447654,0.005472949734503808
-0.64,0.5026001084841725,0.005707242992472136
-0.638,0.5023733917301906,0.005789997693453756
-0.636,0.5023667314177722,0.0057708283433289325
-0.634,0.5023668695717864,0.005777615753071503
-0.632,0.5025153583516094,0.005843722075129164
-0.63,0.5027927828649755,0.005889976868855937
-0.628,0.5031154172769512,0.0057506664461363
-0.626,0.5033913601545287,0.005542610921723379
-0.624,0.5035191831144487,0.005378651908460388
-0.622,0.5034246204100417,0.0053652725134894375
-0.62,0.5034256758166991,0.005482430742943301
-0.618,0.5035440044942959,0.005531820861660626
-0.616,0.5034493661126093,0.005429973212468152
-0.614,0.5029667797567714,0.0052649970603591105
-0.612,0.5026499141390038,0.005083209328957816
-0.61,0.5026634594407938,0.0049180244217227696
-0.608,0.5027826262974434,0.0048621493166176675
-0.606,0.5027033544226323,0.004878346641241032
-0.604,0.5024679504982733,0.004898167163477402
-0.602,0.5022660179196211,0.004885065566458382
-0.6,0.5021846971049613,0.004834469692432483
-0.598,0.5024018050928218,0.004699014828697038
-0.596,0.5031812715633426,0.004493859363175088
-0.594,0.5044397510113491,0.00436714227607181
-0.592,0.5056645784682298,0.004325437228413038
-0.59,0.5063237371226341,0.0043526771088086905
-0.588,0.5064521857557264,0.004415834024149733
-0.586,0.5061356616655968,0.004449574321116718
-0.584,0.5059890861621106,0.004473985563404297
-0.582,0.5057526483569718,0.004498814703255118
-0.58,0.5058386702282078,0.004558737346312042
-0.578,0.5062749165138333,0.004657198980850567
-0.576,0.5067920110833201,0.004744726362326137
-0.574,0.5073110009012898,0.004752172472562414
-0.572,0.5077811621880522,0.004729061717426815
-0.57,0.5078656538494486,0.004739953302332026
-0.568,0.507913448440437,0.0048258472113405036
-0.566,0.5084200504665108,0.004960431170731727
-0.564,0.5089246260411187,0.005067987244977986
-0.562,0.5089387915000533,0.005070901405569756
-0.56,0.5085174211361527,0.00496056031083693
-0.558,0.508065083906376,0.004883380099151556
-0.556,0.5078451454084429,0.004900890098524329
-0.554,0.5074386658099331,0.0049540853989921705
-0.552,0.5068418768635162,0.005000969802436766
-0.55,0.5061383401947851,0.005054365860654336
-0.548,0.5055508693635796,0.00507414755644312
-0.546,0.5048789010380935,0.0050492874093491635
-0.544,0.5040310885680578,0.005069282239298853
-0.542,0.5031076947077799,0.005208250491269828
-0.54,0.502393867009806,0.005365543515876172
-0.538,0.5020679022813834,0.005549285885548398
-0.536,0.5022064453661366,0.005717019310553936
-0.534,0.5023498345562568,0.005769095905116545
-0.532,0.5025644419878086,0.005763090631958881
-0.53,0.5023652865171215,0.005771479880036296
-0.528,0.5019135836624713,0.005735918445595785
-0.526,0.501316866465728,0.005625454328133071
-0.524,0.500716121534403,0.005433895097901297
-0.522,0.50037469034652,0.005209433741403333
-0.52,0.5005522262109171,0.005086359856542317
-0.518,0.5008094547485811,0.00505019020111219
-0.516,0.5007639943215545,0.005090637918953511
-0.514,0.5005686278835774,0.0051496696023728035
-0.512,0.5005065608588349,0.005228477071744659
-0.51,0.5007441893390255,0.005397622418774646
-0.508,0.5008579564611595,0.005583637897146008
-0.506,0.5006585899674688,0.0057044483243056205
-0.504,0.5006483881457379,0.005674128507554359
-0.502,0.5008408461931881,0.005509511792830744
-0.5,0.501331496869167,0.005366133631827289
-0.498,0.5017547198130273,0.005315346676072226
-0.496,0.5020993397053501,0.00525237278531525
-0.494,0.5021842200253858,0.005207185228494541
-0.492,0.5020322596633463,0.005195202877813229
-0.49,0.501961101306781,0.005207625660524162
-0.488,0.5019417782044113,0.00519190305343867
-0.486,0.5020535067452334,0.005160090326467798
-0.484,0.5018818639538892,0.005097801455857391
-0.482,0.5013582845724034,0.005048034121795915
-0.48,0.5011179035119013,0.005010790563713249
-0.478,0.5010795493777731,0.0050089579032417016
-0.476,0.5013507790688024,0.0050516423342385295
-0.474,0.5017025150133371,0.005138085412246092
-0.472,0.5020905087496077,0.00521423981394622
-0.47,0.5025225720496426,0.0051865162637908906
-0.468,0.5025198049349013,0.005139747122671132
-0.466,0.5022887057275044,0.005064804981006419
-0.464,0.5022604551101544,0.005007287062754719
-0.462,0.5023600193251139,0.004932353809294245
-0.46,0.502230263182017,0.004851496630032173
-0.458,0.5021826878397918,0.004792023161436962
-0.456,0.502451003921657,0.0047683731747717225
-0.454,0.5028471076042415,0.004792482526438524
-0.452,0.5027812228927792,0.0048278570219799765
-0.45,0.5020712881093726,0.004899592919757768
-0.448,0.5013313615750553,0.005025197109482583
-0.446,0.5008092731688667,0.005104306725226231
-0.444,0.5006410128240336,0.005082235916432771
-0.442,0.5010302495924467,0.005096942576066386
-0.44,0.5013983129361587,0.005086583861331743
-0.438,0.5014915398150027,0.005029121975764919
-0.436,0.5013072697637748,0.005005922178745765
-0.434,0.5014512988670482,0.004937054625528298
-0.432,0.5023676963784356,0.00482551890242205
-0.43,0.5035681646471527,0.00468456502009021
-0.428,0.5045624994506038,0.004593712048264041
-0.426,0.5050716573399003,0.0044746622264229124
-0.424,0.5053263164104096,0.004322314791642732
-0.422,0.5050801984442819,0.004246854783345911
-0.42,0.5044926103705017,0.004263625866498702
-0.418,0.5041075036957657,0.004343877003086855
-0.416,0.5038288575484876,0.004457364344397962
-0.414,0.5036360050887252,0.004578299746649091
-0.412,0.5033364738613512,0.004720314383076746
-0.41,0.5030632185455637,0.004862431026839308
-0.408,0.5030926036830637,0.004973880900466954
-0.406,0.5031484477311984,0.004939782894436118
-0.404,0.5030241786163375,0.004766816851460612
-0.402,0.5029538381406369,0.004619896888443751
-0.4,0.5027051914038619,0.004506322425192096
-0.398,0.502002196951106,0.00449671268556412
-0.396,0.5011161503722893,0.004633801874971375
-0.394,0.5003353445876849,0.004906072181227373
-0.392,0.49963241575804646,0.005263096468773565
-0.39,0.49929204558887763,0.005550408402377261
-0.388,0.49947172747883606,0.005775215002825637
-0.386,0.4997836521737223,0.006042493666589729
-0.384,0.49976370517782265,0.006232881908575859
-0.382,0.4993748310331453,0.006362748391063345
-0.38,0.4987930174033844,0.006469963606415001
-0.378,0.4985417297290818,0.006536206401158685
-0.376,0.49838070519580235,0.006541366015727504
-0.374,0.49845423513534937,0.006524843992014156
-0.372,0.4986072386762041,0.006563978168277293
-0.37,0.498699658036549,0.006630214198869086
-0.368,0.49900310228131545,0.006643255257959409
-0.366,0.49935806246284203,0.006666410972365852
-0.364,0.49952239175632224,0.0067593018696085385
-0.362,0.49989879974876844,0.006863658022712308
-0.36,0.5005887300379006,0.006913482682455235
-0.358,0.5009846685042634,0.006932281340875321
-0.356,0.5012679447909931,0.00698685014562118
-0.354,0.5014241256459515,0.007067855575932952
-0.352,0.5018456010056014,0.0070957757506028216
-0.35,0.5027538056029469,0.007034090833555251
-0.348,0.5035267555564835,0.006908270478068584
-0.346,0.5039523005348724,0.0067663898078613675
-0.344,0.5041643822540584,0.006611231089798789
-0.342,0.5044734181499158,0.006401658928007756
-0.34,0.5047327564835535,0.0062133122859069955
-0.338,0.5046079347191766,0.006092232318365766
-0.336,0.5045051863468807,0.005996336235602173
-0.334,0.5045706035173465,0.0059956837821085384
-0.332,0.5047050432553128,0.006059606383458131
-0.33,0.5048728810256803,0.006153832454351296
-0.328,0.5048178260472901,0.006269176343398195
-0.326,0.5048836074544236,0.006452565993084629
-0.324,0.504796105748463,0.006594211285836886
-0.322,0.5049708720167247,0.006693564071112249
-0.32,0.5054950454579276,0.0067160713427397
-0.318,0.5058915515610505,0.006615352744763106
-0.316,0.5058772902687294,0.006488408166393145
-0.314,0.5056215101522604,0.006411371359077431
-0.312,0.5053052865338622,0.00627496618522939
-0.31,0.5049703688409827,0.006076061106613802
-0.308,0.5047058071283601,0.005837937340561346
-0.306,0.504563127551438,0.005672378677453073
-0.304,0.5043077102359951,0.005572205760108871
-0.302,0.5042951175129197,0.005548509501448684
-0.3,0.5045110109537577,0.005577152523200075
-0.298,0.5056529342743955,0.005608121267749655
-0.296,0.5071153338764403,0.005602126671966412
-0.294,0.5081026504673717,0.005654648371892126
-0.292,0.5083443234638163,0.005803965034094796
-0.29,0.5081840564355319,0.005926782585674186
-0.288,0.5082047634852307,0.005904118755307408
-0.286,0.5080947398077527,0.005724184383260388
-0.284,0.5077101456527088,0.005491532371591295
-0.282,0.5069387879178446,0.005343612014802267
-0.28,0.5059367216605188,0.0052216380795904885
-0.278,0.5053035315595962,0.005087716645800785
-0.276,0.5052566155983578,0.004989636487580473
-0.274,0.5055904196136606,0.004956612451358561
-0.272,0.5058234350098364,0.004927767383961506
-0.27,0.5057521611965502,0.004875151211522429
-0.268,0.5055417896635319,0.004846971453762327
-0.266,0.5055362252503982,0.004862292353340196
-0.264,0.5059401274736227,0.004908612962216646
-0.262,0.5065610766799111,0.004888606293986935
-0.26,0.5071562658250057,0.0048622144948618825
-0.258,0.507979609974428,0.004875819770735422
-0.256,0.5086287233020645,0.004943523782012688
-0.254,0.509086093778306,0.005021494440979713
-0.252,0.5090261011573053,0.005043566079822518
-0.25,0.5086526908049634,0.004998542122109284
-0.248,0.5077807893897531,0.004905254958311495
-0.246,0.5065712248907209,0.004818487391173807
-0.244,0.505696678048928,0.004725452884694989
-0.242,0.5053044418346978,0.004642227326207988
-0.24,0.5053108298313531,0.004558185804570364
-0.238,0.5054041267750573,0.004480632752265699
-0.236,0.5054974842944715,0.0044181543898054315
-0.234,0.5056994250018196,0.004415351903165969
-0.232,0.5062353648593434,0.004462274375750355
-0.23,0.5070485618750259,0.004503597895037995
-0.228,0.5079552779632016,0.004487301132533773
-0.226,0.5087530405304906,0.004382629057309626
-0.224,0.5090334352486617,0.004209961712318593
-0.222,0.5090211021697304,0.004073092208929848
-0.22,0.5088906504050599,0.00397921331532595
-0.218,0.5087025699806742,0.004014836275535267
-0.216,0.5084738327794015,0.004119431342458141
-0.214,0.5081093792572422,0.0042266727375523064
-0.212,0.5073019600375513,0.0043092123065311795
-0.21,0.5064877995540161,0.004344897882996629
-0.208,0.5058505234253627,0.004389161030420265
-0.206,0.5055183481379821,0.004467613614340332
-0.204,0.5056133892071457,0.004526471386859269
-0.202,0.5058779630463418,0.004563904784084403
-0.2,0.5061289067645235,0.004680227501722419
-0.198,0.5064621849232729,0.004791980160218739
-0.196,0.50721711178693,0.004913809046950059
-0.194,0.5081428103218513,0.005017108468126938
-0.192,0.5090086673741598,0.005060630637222162
-0.19,0.5094637579410967,0.005145688374180122
-0.188,0.5094346425361508,0.005329467249871359
-0.186,0.5091242999348254,0.00550818280235058
-0.184,0.5088074470530635,0.0056881410295478285
-0.182,0.5085404251830361,0.005838374494161646
-0.18,0.5082397021018157,0.005926958843768608
-0.178,0.507619700992478,0.005963754441145054
-0.176,0.5068510458371579,0.006013351749373285
-0.174,0.5063358080836351,0.006101969718359776
-0.172,0.5060429329134944,0.006179861950935451
-0.17,0.5058415734328819,0.006148040842915732
-0.168,0.5058283980025743,0.006030996097608325
-0.166,0.5060482619119461,0.005871330041526414
-0.164,0.5063308225720675,0.005788113618555196
-0.162,0.5067831634145301,0.005765375199922297
-0.16,0.5071039284479945,0.005760347955547298
-0.158,0.5070093284326744,0.00578610656488294
-0.156,0.5066308878116927,0.005790222966421058
-0.154,0.5060924856844206,0.005782219700912892
-0.152,0.5054957052453921,0.005732215438712854
-0.15,0.5051021667051399,0.0056194395409638895
-0.148,0.5047823754120339,0.0055284322494628235
-0.146,0.5043926098794753,0.005450698806449465
-0.144,0.5039830021029809,0.005355981752917295
-0.142,0.5033187195264895,0.005302245145021173
-0.14,0.5024830543960687,0.005257790009043637
-0.138,0.5016049541060731,0.005189439902476064
-0.136,0.5010994466235311,0.0050368657847081584
-0.134,0.501014350155009,0.0047858954947438016
-0.132,0.5011100623619928,0.004587664218212559
-0.13,0.5013114812698336,0.004506750002168479
-0.128,0.5016132090113509,0.004484485381020117
-0.126,0.5016027390060807,0.004502154693820584
-0.124,0.5012802792031508,0.00452222616745404
-0.122,0.5006843536628971,0.00464719368916205
-0.12,0.50005623780311,0.004795935316640474
-0.118,0.4996508023815809,0.004878070551199629
-0.116,0.49938070196394063,0.004909864651775944
-0.114,0.49911692786120576,0.004960323499851876
-0.112,0.4989179539896114,0.0050705636204530025
-0.11,0.49890929251434535,0.005190506102729261
-0.108,0.4992549143567572,0.005269439307836793
-0.106,0.4996082128414027,0.0053432464552928315
-0.104,0.49971820222688845,0.0055151417830205714
-0.102,0.4997391626893829,0.00571085477808622
-0.1,0.4995241020709003,0.005801712946847339
-0.098,0.4990543850458068,0.005816800297639082
-0.096,0.4989095454395943,0.005740495170130855
-0.094,0.4992105870189716,0.005640895366001668
-0.092,0.5001148677370439,0.005608425981943798
-0.09,0.500933414327029,0.0055978712217549026
-0.088,0.5014665437538373,0.005564393144086417
-0.086,0.5019774180989206,0.005520788899458219
-0.084,0.5026259730491791,0.005639170744457623
-0.082,0.5033366201141142,0.005817543382000695
-0.08,0.5039111377961916,0.005898390580618959
-0.078,0.504205643375527,0.0058314715937023255
-0.076,0.5044607443306193,0.005768100381418821
-0.074,0.5047548893027752,0.005767556797562807
-0.072,0.5051511765674384,0.005782821571363798
-0.07,0.5052744566057948,0.005761532341762526
-0.068,0.5051901273984459,0.005680278469196221
-0.066,0.5054444480710876,0.005568110101333298
-0.064,0.506173406321362,0.005429618198929436
-0.062,0.5069786283589485,0.005243112962706186
-0.06,0.5075936053700613,0.005108678077094005
-0.058,0.5077247898292434,0.00504766143207024
-0.056,0.5075082866231676,0.0050194448516025
-0.054,0.5073573174442023,0.005019458211488252
-0.052,0.5072820657034568,0.0050377507915229
-0.05,0.5074115341808362,0.005092770557848676
-0.048,0.507735356863806,0.005092498852944908
-0.046,0.5076834759249043,0.005037745502827793
-0.044,0.5070636158009281,0.0049421553640720565
-0.042,0.5058772580546524,0.0048831641711124954
-0.04,0.5054270367817822,0.004794250568083204
-0.038,0.5058634258633075,0.004644178596789966
-0.036,0.5064218453075099,0.004454284678226144
-0.034,0.5067224260303065,0.004337232708785816
-0.032,0.5068750847903015,0.004307706689098195
-0.03,0.5071990220247605,0.004393076236992003
-0.028,0.5076753194428618,0.004476268308361596
-0.026,0.5079656913319743,0.004481223967682673
-0.024,0.5078635278329795,0.004454026111866542
-0.022,0.5076477058610405,0.004467955740530452
-0.02,0.5076956339856272,0.004577136277446547
-0.018,0.5078434521850514,0.004786441867212466
-0.016,0.5079443470067683,0.005014153029690032
-0.014,0.5077673135192713,0.005236836330536936
-0.012,0.5074039900573676,0.005391852353120414
-0.01,0.5070191279969399,0.0054828455878957435
-0.008,0.5066222946500867,0.0054843912974887055
-0.006,0.5062886148077588,0.005424487829570723
-0.004,0.5061210752946372,0.005302250310576474
-0.002,0.5062183555942341,0.00515106682490159
0.0,0.5065013182018405,0.0050068794532152185
0.002,0.5068868314583291,0.004888003057270883
0.004,0.5075311695147602,0.0048072544835530825
0.006,0.5084533399628309,0.004772641407229857
0.008,0.509782279234242,0.004740335777852688
0.01,0.510545253668085,0.004748023660598387
0.012,0.5107803079302183,0.004784814234600764
0.014,0.5107235630284805,0.004829278214207406
0.016,0.5104134710977949,0.004900331876458689
0.018,0.5099356547343349,0.00496167990341364
0.02,0.5092874383765597,0.00503286732653861
0.022,0.50852825519693,0.005104259808081611
0.024,0.5079221069836547,0.0052000785561398186
0.026,0.5078268192526367,0.005309634917043153
0.028,0.5081416919561138,0.005430998477982189
0.03,0.5088082078449474,0.005489199991216349
0.032,0.50906099724593,0.0055152956507220855
0.034,0.5085849175208998,0.005565050017052138
0.036,0.5078162238966604,0.0056113992034000195
0.038,0.5074947151041337,0.005640903905435509
0.04,0.5074107544099891,0.005594478327621689
0.042,0.5075421415357575,0.005487257965435474
0.044,0.5079722798058057,0.005363814165258972
0.046,0.5086110029677382,0.005290977313153469
0.048,0.5091965462414838,0.00524684289093374
0.05,0.5095625761418513,0.005195558371735476
0.052,0.5098455756770406,0.005140099273352086
0.054,0.5098508404818287,0.005109959825500233
0.056,0.5098237766409679,0.005142532857405198
0.058,0.5094336762210174,0.005173411583010238
0.06,0.5091933799945274,0.005146456504674544
0.062,0.5092944917087167,0.005108448942568802
0.064,0.5096648029433198,0.005098273767408625
0.066,0.51035377059082,0.005096840399662349
0.068,0.5109137911355268,0.005061895743440778
0.07,0.5112446059374296,0.004980549741613069
0.072,0.5115221558206733,0.004921136002896179
0.074,0.5117515289248674,0.00487655140899755
0.076,0.5117135092285778,0.004881031374300215
0.078,0.5116140993470324,0.004924205888586297
0.08,0.511505306224745,0.005040853196172814
0.082,0.5119188621299707,0.00524732903858055
0.084,0.512896203021415,0.005433514606735511
0.086,0.5139623928540127,0.005553107470284002
0.088,0.5145246611964182,0.005689436879239863
0.09,0.5147768723811117,0.005805257077804605
0.092,0.5148455003974297,0.005909203479964935
0.094,0.5147833615619876,0.0059411189763840565
0.096,0.5145005648480846,0.0059977780371207896
0.098,0.5141903121100848,0.006048036048416586
0.1,0.5138024472626711,0.006103682836621617
0.102,0.5136646101232154,0.006109048638044774
0.104,0.5136565076394722,0.006103906830846977
0.106,0.51351871951031,0.006105458815107987
0.108,0.5134398650908953,0.00624146479833435
0.11,0.5131750475326803,0.006493219549762813
0.112,0.5125283584949287,0.006679358586516625
0.114,0.5115192561441194,0.006827394772227877
0.116,0.5104258467324493,0.006914839237019818
0.118,0.5097842958471698,0.006932301370239455
0.12,0.5091757094878292,0.006946949643146493
0.122,0.5084933088108465,0.007000187454590643
0.124,0.5079528146563468,0.007077566287868597
0.126,0.5078668387708762,0.007161127442850586
0.128,0.5077757785220968,0.007209569045832318
0.13,0.5074054369245237,0.007217901727286677
0.132,0.50676067825407,0.007124896056034097
0.134,0.5059923846527742,0.007014910138721906
0.136,0.5054392448437569,0.006901145766071755
0.138,0.5051590965469956,0.0068259645490778165
0.14,0.505037903404834,0.006713103663439387
0.142,0.5049357812093134,0.00660006145591963
0.144,0.5049136037540193,0.006499633726412993
0.146,0.5048494831706233,0.006326241788897057
0.148,0.5046342974186182,0.006130468111601748
0.15,0.5045281775710043,0.005945528492391951
0.152,0.5042766286912221,0.005822797439882002
0.154,0.5039477746476326,0.005755232013848194
0.156,0.5036954173881785,0.00568681092474751
0.158,0.5034394571436358,0.005623664112515597
0.16,0.5032970516099826,0.0055408683570207
0.162,0.503252536717644,0.005469757254058649
0.164,0.5035111685265437,0.005439851199947368
0.166,0.5038571415136104,0.005466250700145772
0.168,0.5041189214789,0.005469913739891597
0.17,0.5047190480588244,0.005370625437269421
0.172,0.505638238591911,0.005193886796728459
0.174,0.5064962709807247,0.005073319687111309
0.176,0.5067723477942255,0.00510207057592153
0.178,0.5066445160592228,0.005229799522144147
0.18,0.5066014495449888,0.005447375907677302
0.182,0.5065500501039611,0.005721668057536577
0.184,0.5063341678374447,0.005948483466524098
0.186,0.5060002928307926,0.006055613986181424
0.188,0.5056350422014638,0.00606920455351781
0.19,0.5054804926622865,0.006065987813984432
0.192,0.505548585361039,0.006026679415063046
0.194,0.5055103053911821,0.006036234667249137
0.196,0.5052713196174838,0.006076488846181327
0.198,0.5050958761964192,0.006111229538071324
0.2,0.5050292236843562,0.006045028607186248
0.202,0.5051033536943053,0.005982467558860722
0.204,0.5052573490617491,0.005911509020146652
0.206,0.5052331588895749,0.0058458282290403535
0.208,0.504999626928499,0.005875397225054409
0.21,0.5047538399198144,0.005985732276620143
0.212,0.5045078918833213,0.006057613219207362
0.214,0.503955431548814,0.006065639714180121
0.216,0.5031505093451724,0.006064948802320384
0.218,0.5025597046511416,0.006111507222945971
0.22,0.5021874661049721,0.006137706694461483
0.222,0.5015496630554639,0.006094448810346905
0.224,0.5007546274639224,0.006035031608345642
0.226,0.5001258464734875,0.005980075563761829
0.228,0.5000671508704944,0.005941344751941474
0.23,0.5002498805513326,0.005887103723342004
0.232,0.5005625408063163,0.005833936391231771
0.234,0.5010731424212841,0.005773083090281727
0.236,0.5016490504741036,0.005720990243867753
0.238,0.5022009621146379,0.005635822672867541
0.24,0.5024652370965947,0.005607638463347041
0.242,0.5024486924105294,0.0056501802588821235
0.244,0.5026754232914089,0.005710586317411401
0.246,0.5029989650667238,0.005840669676306752
0.248,0.5031244707922036,0.0059613971117421
0.25,0.5030455636844361,0.006012285637984336
0.252,0.5028093416941508,0.005967165978063168
0.254,0.5027282624299706,0.005908449327543181
0.256,0.503057512204474,0.005888942030652556
0.258,0.503762195925868,0.005859631552303159
0.26,0.504572694766606,0.005834674706182484
0.262,0.5051826650581938,0.005901733131842292
0.264,0.5056101534690173,0.00596387838858589
0.266,0.5059098570629836,0.005952758883517582
0.268,0.5057767796781806,0.005945144363311076
0.27,0.5048563291203353,0.0059049061530145625
0.272,0.5035684453254522,0.005804601659989585
0.274,0.5025639360274906,0.005764271714193503
0.276,0.5020292257132922,0.005859359263096359
0.278,0.5016122538657782,0.00600542432116727
0.28,0.5009696005656492,0.006157797307111783
0.282,0.5003119223298671,0.006276333044124305
0.284,0.4995106553011767,0.006298604685408356
0.286,0.49847220142580456,0.006230125983011725
0.288,0.497252813261073,0.006117182432910146
0.29,0.4963632832927617,0.006086161274497882
0.292,0.49578778430873494,0.00613723430556957
0.294,0.49506072745467905,0.006107481820457099
0.296,0.49421517894594935,0.006018216689321205
0.298,0.4935396457601129,0.006043713844155097
0.3,0.4936770024006838,0.006284314383880637
0.302,0.49428891721406,0.006587708233805325
0.304,0.4946772633246394,0.006756819466970286
0.306,0.49455153861261464,0.006792212054843233
0.308,0.4943617012504844,0.00677078005372696
0.31,0.49429929653237253,0.006742102949841626
0.312,0.49460956261116934,0.006743094457172365
0.314,0.49533055670449677,0.006764183278139329
0.316,0.49597354164886853,0.006809960658290165
0.318,0.4969100741531907,0.006845636000440481
0.32,0.49845126982677657,0.006859351358533827
0.322,0.5004592326099809,0.0069245428835567864
0.324,0.5022241544627469,0.00710617524660862
0.326,0.5035757705125382,0.007284265912799686
0.328,0.5048582166696199,0.0073150927723566895
0.33,0.506138567570044,0.007218560911347939
0.332,0.5072435355213301,0.00710541802794854
0.334,0.5080632441174469,0.00703005825966968
0.336,0.5088991914429277,0.006977839919599172
0.338,0.5098593881475987,0.006916098471981864
0.34,0.5103728726391913,0.006840540266981889
0.342,0.5107082673577541,0.006728801138784502
0.344,0.5110541126725092,0.006572243536716908
0.346,0.5119284041122536,0.006363254646875696
0.348,0.5132072038064752,0.006048507155298827
0.35,0.5138399158606747,0.005795396785284893
0.352,0.5136963549606322,0.005648593735638376
0.354,0.5135264523527919,0.005583081051002154
0.356,0.5135745038456335,0.005560145995200972
0.358,0.5135214358623892,0.005529655416314358
0.36,0.513000449049475,0.005419679986600428
0.362,0.5121812090292007,0.005281757940486616
0.364,0.5114320608993509,0.00514228122914261
0.366,0.5111311110372158,0.005004799909462387
0.368,0.510395945396877,0.0049565855464965055
0.37,0.509077503373771,0.005009371645783424
0.372,0.5078077222411208,0.005185139504068941
0.374,0.5071743040532019,0.005336299124801576
0.376,0.5069188170468868,0.005534472972538336
0.378,0.5062966678558246,0.005766641786279605
0.38,0.5054618305396593,0.005907574419307007
0.382,0.5045761329216287,0.005947821434039461
0.384,0.5038886045968266,0.005875310024471082
0.386,0.5033817573231404,0.005788442059381396
0.388,0.5030070961495032,0.0057027273353381334
0.39,0.5031217328950551,0.00562611626706913
0.392,0.5034034303477796,0.0055958006057618016
0.394,0.5033700932330126,0.005633014532029841
0.396,0.5028477546629476,0.005714052851438318
0.398,0.5019585388698088,0.005842850843384027
0.4,0.501269937432424,0.00588556231050699
0.402,0.5010585196313009,0.0058485145977526
0.404,0.5010397258648951,0.005770433252467803
0.406,0.5010095377618898,0.005688023649346385
0.408,0.5012146124339987,0.005598024688967442
0.41,0.5018065098963571,0.005514871454996676
0.412,0.5025899964750312,0.005472946069276941
0.414,0.5031348050066533,0.005501465424007685
0.416,0.5031806307081608,0.005520534043850772
0.418,0.5029492586671728,0.005510012532806705
0.42,0.5030222583537657,0.00549075452516149
0.422,0.5032184682946815,0.005427427191734343
0.424,0.5029083140712299,0.005380738835226353
0.426,0.50239981075918,0.005286880638129423
0.428,0.5021630169349008,0.0051451008211093
0.43,0.5022927663783036,0.005049648686502225
0.432,0.5028438588840358,0.005029641674715522
0.434,0.5036407566716966,0.00514249584717274
0.436,0.5043082669066049,0.0052264203360693
0.438,0.5048491445819367,0.005214443655778307
0.44,0.5049557880137464,0.00522569135097952
0.442,0.5049439880894415,0.005273750706652111
0.444,0.5055674067917841,0.005282689370640823
0.446,0.5064746298234764,0.00527722941259681
0.448,0.5071263934510502,0.005289470292464176
0.45,0.5073085590519498,0.005310685936629484
0.452,0.5070359013800214,0.005360618025357925
0.454,0.5066051302884356,0.0053921309927678985
0.456,0.5059407592184476,0.005378455997792232
0.458,0.5050060920032852,0.0053035913961851375
0.46,0.5041113650160716,0.0051725126491686865
0.462,0.5031717133332994,0.004966887829838046
0.464,0.5022343400935703,0.004750248550852735
0.466,0.5015881229926832,0.004577143055601885
0.468,0.5014074857277603,0.004443179808967128
0.47,0.5014459279040612,0.0043788616960502135
0.472,0.5016378931364472,0.004318604362281497
0.474,0.5023706510040262,0.004182689821691243
0.476,0.5033417666149078,0.003986326946498253
0.478,0.504099790983925,0.0038079858394887227
0.48,0.5042315290605994,0.0037000746661486144
0.482,0.5040206664931864,0.0036764637313143104
0.484,0.5039177270594732,0.003700330264581083
0.486,0.5039638347987124,0.003756742212345202
0.488,0.5037145491182234,0.003727355599299561
0.49,0.5033436785356605,0.00368710586995135
0.492,0.5029508696954895,0.003681067322117755
0.494,0.5023095212424793,0.0037560169686064655
0.496,0.5019969025718526,0.0038657332213566063
0.498,0.5021693128818719,0.0039482697609915475
0.5,0.5029160904206856,0.0039658619041514015
0.502,0.5040303836487628,0.003965008328007356
0.504,0.5048731313242139,0.003928309630933345
0.506,0.5055093765975586,0.003919182995122531
0.508,0.5059603654673053,0.003928722944344264
0.51,0.5062487804762569,0.003933130612427
0.512,0.5065401524570696,0.003949579853904986
0.514,0.5068823932465665,0.003908804272011906
0.516,0.5074642534441667,0.0038578809875809937
0.518,0.5081561862568271,0.0038203145117110975
0.52,0.5085345161128397,0.003839265449595332
0.522,0.5086413404098812,0.00396029918357741
0.524,0.5082478103102561,0.0041808947070043475
0.526,0.5074069978452314,0.004481199525024658
0.528,0.5063337326695292,0.004839593939406739
0.53,0.5056879826679873,0.005130479744914626
0.532,0.5051677925871713,0.005291350905206462
0.534,0.5047313777434971,0.0053871747112314
0.536,0.5044456297768282,0.0054031944183217506
0.538,0.5042576936554761,0.005445708881860614
0.54,0.5042093536200841,0.005517071331644623
0.542,0.5038142131435321,0.005624611880465938
0.544,0.5032304711985716,0.005833393652956832
0.546,0.502402869945187,0.006018887338439555
0.548,0.5014368877909072,0.00598377619808534
0.55,0.5001122898576685,0.005797198850814735
0.552,0.49869699564543424,0.005598031666455439
0.554,0.49731983003407615,0.005533091154588295
0.556,0.4965160733103955,0.0055495158355508625
0.558,0.4962157887949071,0.00558027416993878
0.56,0.496227266319556,0.005556226791106264
0.562,0.4964081836297361,0.005433865739756632
0.564,0.4965140139858357,0.005331217077224003
0.566,0.4963622021575157,0.0052312049085289185
0.568,0.4961726449896067,0.005174416777785283
0.57,0.49632935597860867,0.005126420348750269
0.572,0.49659405857712513,0.005137971663769105
0.574,0.49672696959169854,0.0051917847253013
0.576,0.49689407575555256,0.005311843322586119
0.578,0.49726167923929027,0.005492369289124186
0.58,0.4976645609407349,0.005708923787789698
0.582,0.49772423702701957,0.005968270729147688
0.584,0.4970961955368769,0.006235269927130643
0.586,0.4964713571485767,0.00649239384595929
0.588,0.49656983487429324,0.006696370598430493
0.59,0.4970797245654277,0.006741443804768016
0.592,0.4979559458861197,0.006742330219993609
0.594,0.4988655854857463,0.006715694594630216
0.596,0.49966436240976075,0.006626331076149947
0.598,0.5004573704889682,0.006473154851427354
0.6,0.5012226945922891,0.006305174527368966
0.602,0.5018118143868855,0.00620222839424697
0.604,0.502597914527313,0.006110128763882566
0.606,0.5033358336325542,0.0060563987123488025
0.608,0.5037897146438324,0.006019339342628946
0.61,0.503953634531413,0.006076549467856858
0.612,0.5038700103912814,0.0062112097662435604
0.614,0.5040515106920224,0.0062905425897127245
0.616,0.5044388835683304,0.0063672754813153005
0.618,0.5048404285148612,0.006387339943551627
0.62,0.5050177804333802,0.006261966794966581
0.622,0.5050130352983505,0.00602826582164035
0.624,0.5049322585011801,0.005780407766275418
0.626,0.5048107604792501,0.005629312967037348
0.628,0.5047997404659638,0.005609404718839874
0.63,0.5048586238087958,0.0056190052486962735
0.632,0.5053326131179815,0.005508410938952706
0.634,0.5063279412462642,0.00536500916070662
0.636,0.5071571708847542,0.005280007753364986
0.638,0.5073588734269037,0.005283301947344589
0.64,0.5069802191715644,0.005320004063541563
0.642,0.5062699109488182,0.005348194097509714
0.644,0.5053618353294548,0.005297431170022684
0.646,0.5044003156655217,0.0051779660940508955
0.648,0.5036649899383854,0.005061964347798266
0.65,0.5033541821310199,0.005015704014241883
0.652,0.5035081254888892,0.005070430660341343
0.654,0.5038450601055484,0.005133834101449703
0.656,0.5041082809819133,0.0051787306336361
0.658,0.5042877896940778,0.005235453694258515
0.66,0.5045018812847403,0.005290567433388339
0.662,0.5047270182222341,0.005366538483593071
0.664,0.5045859334077641,0.005450796386450464
0.666,0.5040986825482383,0.005510661158388638
0.668,0.5034474405907795,0.005582080692384512
0.67,0.5029441080347072,0.0056079214913100795
0.672,0.5026577723285212,0.005565612054856287
0.674,0.502587073299803,0.005545997153514765
0.676,0.5025829505333753,0.005612376261365394
0.678,0.5024508106950091,0.005684064508053884
0.68,0.5022154653770687,0.005803424909052049
0.682,0.5022390380864413,0.0059184156611965825
0.684,0.5022379999588028,0.006002844807366995
0.686,0.5021835280537004,0.006072078516847967
0.688,0.5021832257327633,0.0062127685691773255
0.69,0.502332033016933,0.006427797984574331
0.692,0.5030679370318457,0.00663065257263618
0.694,0.5042127572714374,0.006799690185905276
0.696,0.5051459410830629,0.006903422636050954
0.698,0.5052413480207351,0.006924351894368472
0.7,0.5047239743246414,0.00688909953940621
0.702,0.5041972978349935,0.006787685316083798
0.704,0.5043417593486189,0.006754374209696887
0.706,0.504691186990109,0.006809844679216526
0.708,0.5050782239178772,0.006864956950660836
0.71,0.5054494197467405,0.006883822963912033
0.712,0.505652717358799,0.006882665719150907
0.714,0.5057264440391112,0.006900122448685727
0.716,0.5059212168793858,0.006944345001888645
0.718,0.5061822581063676,0.006999079284821195
0.72,0.5063075611677955,0.007016367507300522
0.722,0.5061277870098686,0.0070034977831439525
0.724,0.5057701154657318,0.006920197588050266
0.726,0.5055909876952052,0.006739391587794551
0.728,0.5055860353881729,0.006598438624243752
0.73,0.5056373064400735,0.006638681901552708
0.732,0.5055467522409478,0.0068202594514743375
0.734,0.5054036956718584,0.007046496630208457
0.736,0.505179639834545,0.007279240248964936
0.738,0.5049876145438623,0.007469771852817211
0.74,0.5049557462279194,0.007589162536653299
0.742,0.5049012547217097,0.007639024563125955
0.744,0.5049713862524396,0.007674483764346105
0.746,0.505316980411748,0.007752793190546781
0.748,0.5063437708987373,0.007775704620444054
0.75,0.5074096450288564,0.007749068198390984
